source,documents_sampled,words_p5,words_p50,words_p95,chars_p50,type_token_ratio,type_token_budget,oov_rate,slovene_share,slovene_confidence_p5,slovene_confidence_p50,other_languages,duplicate_count_mean
oss,2000,710,14397,41427,97865,0.163,100000,0.019,1.0,1.0,1.0,,0.521
kas,1073,2805,10452,29306,73662,0.1601,100000,0.0089,1.0,1.0,1.0,,0.002
kzb,485,1314,5292,76985,35883,0.1742,100000,0.0205,1.0,1.0,1.0,,1.0
povejmo_vemo_med,352,667,3264,7449,23990,0.1248,100000,0.0465,1.0,1.0,1.0,,4.335
coleslaw,2000,150,1685,4578,10769,0.1261,100000,0.0044,1.0,1.0,1.0,,0.251
legal_mc4,1095,263,1617,7579,10468,0.1513,100000,0.0112,1.0,1.0,1.0,,2.051
finepdf,2000,81,722,9297,4892,0.1998,100000,0.02,0.999,1.0,1.0,it:1 hu:1,0.0
c4,2000,65,340,1566,2219,0.2423,100000,0.0183,0.999,1.0,1.0,de:1 it:1,0.105
classla_web_sl,2000,87,298,2506,1867,0.18,100000,0.0257,1.0,1.0,1.0,,0.0
gigafida,2000,55,298,1366,1977,0.2228,100000,0.0051,1.0,1.0,1.0,,0.0
solar,2000,66,294,718,1658,0.1366,100000,0.0099,1.0,1.0,1.0,,2.31
culturax,2000,61,283,2039,1859,0.23,100000,0.0135,0.999,1.0,1.0,en:1 de:1,0.028
hplt,2000,79,225,1071,1472,0.2611,100000,0.0118,0.999,1.0,1.0,en:2,1.016
slovenian_news,2000,45,225,752,1443,0.2329,100000,0.0039,0.9995,1.0,1.0,hr:1,0.032
fineweb2,2000,58,195,1119,1283,0.2457,100000,0.0119,0.9995,1.0,1.0,en:1,0.518
parlamint_si,2000,29,191,846,1220,0.1411,100000,0.0023,1.0,1.0,1.0,,1.0
classlawiki_sl,2000,42,189,1619,1256,0.2683,100000,0.0276,0.999,1.0,1.0,bs:1 sr:1,0.0
macocu_sl,2000,35,183,1096,1178,0.2489,100000,0.0074,1.0,1.0,1.0,,0.033
cc100,2000,34,164,1157,1064,0.2495,100000,0.0159,1.0,1.0,1.0,,0.087
siparl,2000,29,125,628,764,0.1269,100000,0.0024,1.0,1.0,1.0,,0.0
