domain,documents_before,share_before,documents_after,share_after,words_after,word_share_after,retained
web,56477068,0.8938,25122379,0.8717,5633276869,0.7791,0.4448
academic,82303,0.0013,51765,0.0018,427170775,0.0591,0.629
news,3502079,0.0554,2078794,0.0721,370625132,0.0513,0.5936
mixed,736267,0.0117,614835,0.0213,272227770,0.0377,0.8351
legal,564185,0.0089,238609,0.0083,222570388,0.0308,0.4229
scientific,91116,0.0014,19358,0.0007,183908624,0.0254,0.2125
parliamentary,1532541,0.0243,640652,0.0222,107507088,0.0149,0.418
wiki,169768,0.0027,46578,0.0016,11367593,0.0016,0.2744
medical,23542,0.0004,352,0.0,808176,0.0001,0.015
student,10970,0.0002,6083,0.0002,909075,0.0001,0.5545
