stage,source,pairs,kept,dropped,tie,orders_differ
language,ALL,355,0.862,0.0704,0.0451,0.0225
spam,ALL,400,0.46,0.305,0.2025,0.0325
quality,ALL,400,0.6925,0.145,0.12,0.0425
repetition,ALL,394,0.6548,0.1574,0.1421,0.0457
language,c4,20,1.0,0.0,0.0,0.0
spam,c4,20,0.65,0.3,0.05,0.0
quality,c4,20,0.8,0.15,0.0,0.05
repetition,c4,20,0.75,0.15,0.05,0.05
language,cc100,20,0.85,0.1,0.05,0.0
spam,cc100,20,0.7,0.3,0.0,0.0
quality,cc100,20,0.9,0.1,0.0,0.0
repetition,cc100,20,0.65,0.35,0.0,0.0
language,classla_web_sl,20,0.8,0.1,0.05,0.05
spam,classla_web_sl,20,0.5,0.4,0.05,0.05
quality,classla_web_sl,20,0.85,0.1,0.05,0.0
repetition,classla_web_sl,20,0.75,0.2,0.0,0.05
language,classlawiki_sl,20,0.8,0.1,0.1,0.0
spam,classlawiki_sl,20,0.25,0.45,0.3,0.0
quality,classlawiki_sl,20,0.6,0.15,0.15,0.1
repetition,classlawiki_sl,20,0.95,0.05,0.0,0.0
language,coleslaw,20,0.7,0.25,0.05,0.0
spam,coleslaw,20,0.1,0.45,0.45,0.0
quality,coleslaw,20,0.8,0.0,0.15,0.05
repetition,coleslaw,20,0.2,0.15,0.65,0.0
language,culturax,20,0.55,0.2,0.15,0.1
spam,culturax,20,0.8,0.15,0.0,0.05
quality,culturax,20,0.6,0.3,0.1,0.0
repetition,culturax,20,0.7,0.25,0.05,0.0
language,finepdf,20,0.95,0.05,0.0,0.0
spam,finepdf,20,0.45,0.45,0.05,0.05
quality,finepdf,20,0.8,0.15,0.0,0.05
repetition,finepdf,20,0.6,0.3,0.05,0.05
language,fineweb2,20,0.9,0.1,0.0,0.0
spam,fineweb2,20,0.95,0.05,0.0,0.0
quality,fineweb2,20,0.7,0.3,0.0,0.0
repetition,fineweb2,20,0.8,0.15,0.05,0.0
language,gigafida,20,0.85,0.0,0.1,0.05
spam,gigafida,20,0.35,0.2,0.4,0.05
quality,gigafida,20,0.7,0.05,0.2,0.05
repetition,gigafida,20,0.85,0.0,0.15,0.0
language,hplt,20,1.0,0.0,0.0,0.0
spam,hplt,20,0.65,0.2,0.05,0.1
quality,hplt,20,0.6,0.35,0.0,0.05
repetition,hplt,20,0.8,0.1,0.0,0.1
language,kas,3,1.0,0.0,0.0,0.0
spam,kas,20,0.1,0.15,0.7,0.05
quality,kas,20,0.25,0.2,0.45,0.1
repetition,kas,20,0.1,0.05,0.75,0.1
spam,kzb,20,0.4,0.3,0.25,0.05
quality,kzb,20,0.3,0.05,0.6,0.05
repetition,kzb,14,0.5,0.0714,0.2857,0.1429
language,legal_mc4,20,0.95,0.0,0.05,0.0
spam,legal_mc4,20,0.6,0.2,0.15,0.05
quality,legal_mc4,20,0.55,0.2,0.1,0.15
repetition,legal_mc4,20,0.7,0.2,0.1,0.0
language,macocu_sl,20,0.95,0.05,0.0,0.0
spam,macocu_sl,20,0.3,0.55,0.1,0.05
quality,macocu_sl,20,0.75,0.1,0.1,0.05
repetition,macocu_sl,20,0.85,0.15,0.0,0.0
language,oss,20,1.0,0.0,0.0,0.0
spam,oss,20,0.55,0.35,0.05,0.05
quality,oss,20,0.75,0.2,0.0,0.05
repetition,oss,20,0.5,0.4,0.05,0.05
language,parlamint_si,20,0.8,0.05,0.1,0.05
spam,parlamint_si,20,0.35,0.25,0.35,0.05
quality,parlamint_si,20,0.95,0.0,0.05,0.0
repetition,parlamint_si,20,0.9,0.05,0.05,0.0
language,povejmo_vemo_med,12,1.0,0.0,0.0,0.0
spam,povejmo_vemo_med,20,0.35,0.35,0.3,0.0
quality,povejmo_vemo_med,20,0.35,0.3,0.3,0.05
repetition,povejmo_vemo_med,20,0.3,0.35,0.2,0.15
language,siparl,20,0.95,0.0,0.0,0.05
spam,siparl,20,0.5,0.3,0.2,0.0
quality,siparl,20,0.9,0.0,0.1,0.0
repetition,siparl,20,0.5,0.15,0.3,0.05
language,slovenian_news,20,0.7,0.1,0.15,0.05
spam,slovenian_news,20,0.25,0.15,0.55,0.05
quality,slovenian_news,20,0.9,0.05,0.05,0.0
repetition,slovenian_news,20,0.7,0.0,0.15,0.15
language,solar,20,0.8,0.15,0.0,0.05
spam,solar,20,0.4,0.55,0.05,0.0
quality,solar,20,0.8,0.15,0.0,0.05
repetition,solar,20,0.95,0.0,0.0,0.05
