source,domain,convert,language,spam,quality,repetition,exact_dedup,final,final_words,retained,duplicated_input
povejmo_vemo_med,medical,23542,47060,45770,6938,2216,432,352,808176,0.015,True
parlamint_si,parliamentary,311347,293482,292865,169944,166656,48665,48459,8624455,0.1556,False
oss,scientific,90232,96340,89082,22767,21274,19088,18873,178607982,0.2092,True
classlawiki_sl,wiki,169768,157988,157661,60017,51273,51269,46578,11367593,0.2744,False
hplt,web,10277173,10259476,10096054,7307001,6937326,4740378,3323131,692843455,0.3234,False
finepdf,web,932097,926347,912087,345328,315738,315738,313919,472558637,0.3368,False
cc100,web,6240359,5918305,5835558,3250227,3010402,2917521,2424545,373481603,0.3885,False
c4,web,8507960,7973899,7823195,4324031,4034929,3959617,3316226,847632750,0.3898,False
coleslaw,legal,547888,540384,539132,276912,239389,233674,227668,206159373,0.4155,False
culturax,web,7335377,7332178,7237427,5917220,5869525,5497546,3391533,896819201,0.4624,False
macocu_sl,web,6302486,6218407,6178418,4257617,4030871,3994832,3045813,472560546,0.4833,False
siparl,parliamentary,1221194,1124739,1122032,673792,655486,600486,592193,98882633,0.4849,False
fineweb2,web,12091577,12051265,11571574,10334050,10269616,9010757,6106179,1119181842,0.505,False
kzb,scientific,884,1768,1544,984,970,485,485,5300642,0.5486,True
solar,student,10970,21838,21670,19320,19170,6225,6083,909075,0.5545,True
slovenian_news,news,3502079,3494088,3484737,2445732,2428811,2408155,2078794,370625132,0.5936,False
kas,academic,82303,82286,76753,52738,51934,51769,51765,427170775,0.629,False
classla_web_sl,web,4790039,4786006,4734355,3954198,3880041,3880041,3201033,758198835,0.6683,False
legal_mc4,legal,16297,32514,31644,24678,22266,11014,10941,16411015,0.6714,True
gigafida,mixed,736267,732452,720906,618365,615600,615538,614835,272227770,0.8351,False
TOTAL,,63189839,62090822,60972464,44061859,42623493,38363230,28819405,7230371490,0.4561,5
