source,base,inflated_input,language,spam,quality,repetition,exact_dedup,sentence_dedup,kept
povejmo_vemo_med,47060,True,0.0,0.0274,0.8252,0.1003,0.0379,0.0017,0.0075
parlamint_si,311347,False,0.0574,0.002,0.3948,0.0106,0.379,0.0007,0.1556
oss,96340,True,0.0,0.0753,0.6883,0.0155,0.0227,0.0022,0.1959
classlawiki_sl,169768,False,0.0694,0.0019,0.5752,0.0515,0.0,0.0276,0.2744
hplt,10277173,False,0.0017,0.0159,0.2714,0.036,0.2138,0.1379,0.3234
finepdf,932097,False,0.0062,0.0153,0.608,0.0317,0.0,0.002,0.3368
cc100,6240359,False,0.0516,0.0133,0.4143,0.0384,0.0149,0.079,0.3885
c4,8507960,False,0.0628,0.0177,0.4113,0.034,0.0089,0.0756,0.3898
coleslaw,547888,False,0.0137,0.0023,0.4786,0.0685,0.0104,0.011,0.4155
culturax,7335377,False,0.0004,0.0129,0.18,0.0065,0.0507,0.2871,0.4624
macocu_sl,6302486,False,0.0133,0.0063,0.3048,0.036,0.0057,0.1506,0.4833
siparl,1221194,False,0.079,0.0022,0.3671,0.015,0.045,0.0068,0.4849
fineweb2,12091577,False,0.0033,0.0397,0.1023,0.0053,0.1041,0.2402,0.505
kzb,1768,True,0.0,0.1267,0.3167,0.0079,0.2743,0.0,0.2743
solar,21838,True,0.0,0.0077,0.1076,0.0069,0.5928,0.0065,0.2786
slovenian_news,3502079,False,0.0023,0.0027,0.2967,0.0048,0.0059,0.094,0.5936
kas,82303,False,0.0002,0.0672,0.2918,0.0098,0.002,0.0,0.629
classla_web_sl,4790039,False,0.0008,0.0108,0.1629,0.0155,0.0,0.1418,0.6683
legal_mc4,32514,True,0.0,0.0268,0.2142,0.0742,0.3461,0.0022,0.3365
gigafida,736267,False,0.0052,0.0157,0.1393,0.0038,0.0001,0.001,0.8351
