stage,source,drop_precision,drop_precision_n,drop_precision_low,drop_precision_high,drop_precision_bad,drop_precision_strict,drop_precision_strict_low,drop_precision_strict_high,drop_precision_strict_bad,residual_bad_rate,residual_bad_rate_n,residual_bad_rate_low,residual_bad_rate_high,residual_bad_rate_bad,residual_bad_rate_strict,residual_bad_rate_strict_low,residual_bad_rate_strict_high,residual_bad_rate_strict_bad
language,c4,0.925,40,0.8014,0.9742,37,0.95,0.835,0.9862,38,0.275,40,0.1611,0.4284,11,0.425,0.2851,0.5781,17
language,cc100,0.75,40,0.5981,0.8581,30,0.8,0.6524,0.895,32,0.25,40,0.1419,0.4019,10,0.6,0.446,0.7365,24
language,classla_web_sl,0.475,40,0.3294,0.625,19,0.775,0.625,0.8768,31,0.15,40,0.0706,0.2907,6,0.375,0.2422,0.5297,15
language,classlawiki_sl,0.05,40,0.0138,0.165,2,0.3,0.1807,0.4543,12,0.025,40,0.0044,0.1288,1,0.175,0.0875,0.3195,7
language,coleslaw,0.025,40,0.0044,0.1288,1,0.05,0.0138,0.165,2,0.0,40,0.0,0.0876,0,0.075,0.0258,0.1986,3
language,culturax,0.075,40,0.0258,0.1986,3,0.275,0.1611,0.4284,11,0.1,40,0.0396,0.2305,4,0.3,0.1807,0.4543,12
language,finepdf,0.725,40,0.5716,0.8389,29,0.75,0.5981,0.8581,30,0.075,40,0.0258,0.1986,3,0.325,0.2008,0.4798,13
language,fineweb2,0.875,40,0.7389,0.9454,35,0.875,0.7389,0.9454,35,0.15,40,0.0706,0.2907,6,0.25,0.1419,0.4019,10
language,gigafida,0.0,40,0.0,0.0876,0,0.05,0.0138,0.165,2,0.025,40,0.0044,0.1288,1,0.1,0.0396,0.2305,4
language,hplt,0.7,40,0.5457,0.8193,28,0.775,0.625,0.8768,31,0.125,40,0.0546,0.2611,5,0.275,0.1611,0.4284,11
language,kas,1.0,3,0.4385,1.0,3,1.0,0.4385,1.0,3,0.0,40,0.0,0.0876,0,0.075,0.0258,0.1986,3
language,kzb,,0,,,0,,,,0,0.0,40,0.0,0.0876,0,0.125,0.0546,0.2611,5
language,legal_mc4,0.8,40,0.6524,0.895,32,0.825,0.6805,0.9125,33,0.1,40,0.0396,0.2305,4,0.175,0.0875,0.3195,7
language,macocu_sl,0.775,40,0.625,0.8768,31,0.875,0.7389,0.9454,35,0.125,40,0.0546,0.2611,5,0.3,0.1807,0.4543,12
language,oss,1.0,40,0.9124,1.0,40,1.0,0.9124,1.0,40,0.2,40,0.105,0.3476,8,0.575,0.4219,0.7149,23
language,parlamint_si,0.025,40,0.0044,0.1288,1,0.05,0.0138,0.165,2,0.075,40,0.0258,0.1986,3,0.1,0.0396,0.2305,4
language,povejmo_vemo_med,0.25,12,0.0889,0.5323,3,1.0,0.7575,1.0,12,0.0,40,0.0,0.0876,0,0.225,0.1232,0.375,9
language,siparl,0.1,40,0.0396,0.2305,4,0.15,0.0706,0.2907,6,0.0,40,0.0,0.0876,0,0.05,0.0138,0.165,2
language,slovenian_news,0.125,40,0.0546,0.2611,5,0.2,0.105,0.3476,8,0.0,40,0.0,0.0876,0,0.075,0.0258,0.1986,3
language,solar,0.025,40,0.0044,0.1288,1,0.225,0.1232,0.375,9,0.075,40,0.0258,0.1986,3,0.275,0.1611,0.4284,11
spam,c4,0.625,40,0.4703,0.7578,25,0.75,0.5981,0.8581,30,0.2,40,0.105,0.3476,8,0.475,0.3294,0.625,19
spam,cc100,0.575,40,0.4219,0.7149,23,0.825,0.6805,0.9125,33,0.175,40,0.0875,0.3195,7,0.475,0.3294,0.625,19
spam,classla_web_sl,0.3,40,0.1807,0.4543,12,0.55,0.3983,0.6929,22,0.125,40,0.0546,0.2611,5,0.275,0.1611,0.4284,11
spam,classlawiki_sl,0.0,40,0.0,0.0876,0,0.175,0.0875,0.3195,7,0.1,40,0.0396,0.2305,4,0.175,0.0875,0.3195,7
spam,coleslaw,0.0,40,0.0,0.0876,0,0.025,0.0044,0.1288,1,0.0,40,0.0,0.0876,0,0.05,0.0138,0.165,2
spam,culturax,0.425,40,0.2851,0.5781,17,0.55,0.3983,0.6929,22,0.025,40,0.0044,0.1288,1,0.3,0.1807,0.4543,12
spam,finepdf,0.025,40,0.0044,0.1288,1,0.3,0.1807,0.4543,12,0.1,40,0.0396,0.2305,4,0.275,0.1611,0.4284,11
spam,fineweb2,0.9,40,0.7695,0.9604,36,0.975,0.8712,0.9956,39,0.05,40,0.0138,0.165,2,0.3,0.1807,0.4543,12
spam,gigafida,0.0,40,0.0,0.0876,0,0.275,0.1611,0.4284,11,0.0,40,0.0,0.0876,0,0.1,0.0396,0.2305,4
spam,hplt,0.475,40,0.3294,0.625,19,0.625,0.4703,0.7578,25,0.1,40,0.0396,0.2305,4,0.275,0.1611,0.4284,11
spam,kas,0.0,40,0.0,0.0876,0,0.05,0.0138,0.165,2,0.0,40,0.0,0.0876,0,0.05,0.0138,0.165,2
spam,kzb,0.0,40,0.0,0.0876,0,0.2,0.105,0.3476,8,0.0,40,0.0,0.0876,0,0.125,0.0546,0.2611,5
spam,legal_mc4,0.15,40,0.0706,0.2907,6,0.275,0.1611,0.4284,11,0.05,40,0.0138,0.165,2,0.25,0.1419,0.4019,10
spam,macocu_sl,0.175,40,0.0875,0.3195,7,0.425,0.2851,0.5781,17,0.15,40,0.0706,0.2907,6,0.325,0.2008,0.4798,13
spam,oss,0.15,40,0.0706,0.2907,6,0.45,0.3071,0.6017,18,0.125,40,0.0546,0.2611,5,0.5,0.352,0.648,20
spam,parlamint_si,0.025,40,0.0044,0.1288,1,0.075,0.0258,0.1986,3,0.0,40,0.0,0.0876,0,0.025,0.0044,0.1288,1
spam,povejmo_vemo_med,0.0,40,0.0,0.0876,0,0.05,0.0138,0.165,2,0.025,40,0.0044,0.1288,1,0.1,0.0396,0.2305,4
spam,siparl,0.0,40,0.0,0.0876,0,0.075,0.0258,0.1986,3,0.025,40,0.0044,0.1288,1,0.15,0.0706,0.2907,6
spam,slovenian_news,0.025,40,0.0044,0.1288,1,0.125,0.0546,0.2611,5,0.0,40,0.0,0.0876,0,0.05,0.0138,0.165,2
spam,solar,0.1,40,0.0396,0.2305,4,0.45,0.3071,0.6017,18,0.0,40,0.0,0.0876,0,0.425,0.2851,0.5781,17
quality,c4,0.4,40,0.2635,0.554,16,0.525,0.375,0.6706,21,0.125,40,0.0546,0.2611,5,0.4,0.2635,0.554,16
quality,cc100,0.55,40,0.3983,0.6929,22,0.7,0.5457,0.8193,28,0.025,40,0.0044,0.1288,1,0.375,0.2422,0.5297,15
quality,classla_web_sl,0.125,40,0.0546,0.2611,5,0.35,0.2213,0.5049,14,0.05,40,0.0138,0.165,2,0.275,0.1611,0.4284,11
quality,classlawiki_sl,0.025,40,0.0044,0.1288,1,0.125,0.0546,0.2611,5,0.0,40,0.0,0.0876,0,0.05,0.0138,0.165,2
quality,coleslaw,0.025,40,0.0044,0.1288,1,0.15,0.0706,0.2907,6,0.0,40,0.0,0.0876,0,0.05,0.0138,0.165,2
quality,culturax,0.1,40,0.0396,0.2305,4,0.4,0.2635,0.554,16,0.15,40,0.0706,0.2907,6,0.425,0.2851,0.5781,17
quality,finepdf,0.075,40,0.0258,0.1986,3,0.275,0.1611,0.4284,11,0.0,40,0.0,0.0876,0,0.2,0.105,0.3476,8
quality,fineweb2,0.225,40,0.1232,0.375,9,0.35,0.2213,0.5049,14,0.05,40,0.0138,0.165,2,0.275,0.1611,0.4284,11
quality,gigafida,0.025,40,0.0044,0.1288,1,0.125,0.0546,0.2611,5,0.0,40,0.0,0.0876,0,0.1,0.0396,0.2305,4
quality,hplt,0.05,40,0.0138,0.165,2,0.35,0.2213,0.5049,14,0.05,40,0.0138,0.165,2,0.125,0.0546,0.2611,5
quality,kas,0.0,40,0.0,0.0876,0,0.125,0.0546,0.2611,5,0.0,40,0.0,0.0876,0,0.1,0.0396,0.2305,4
quality,kzb,0.0,40,0.0,0.0876,0,0.125,0.0546,0.2611,5,0.0,40,0.0,0.0876,0,0.05,0.0138,0.165,2
quality,legal_mc4,0.05,40,0.0138,0.165,2,0.175,0.0875,0.3195,7,0.05,40,0.0138,0.165,2,0.175,0.0875,0.3195,7
quality,macocu_sl,0.525,40,0.375,0.6706,21,0.55,0.3983,0.6929,22,0.05,40,0.0138,0.165,2,0.3,0.1807,0.4543,12
quality,oss,0.1,40,0.0396,0.2305,4,0.425,0.2851,0.5781,17,0.05,40,0.0138,0.165,2,0.3,0.1807,0.4543,12
quality,parlamint_si,0.025,40,0.0044,0.1288,1,0.075,0.0258,0.1986,3,0.0,40,0.0,0.0876,0,0.075,0.0258,0.1986,3
quality,povejmo_vemo_med,0.0,40,0.0,0.0876,0,0.2,0.105,0.3476,8,0.0,40,0.0,0.0876,0,0.175,0.0875,0.3195,7
quality,siparl,0.05,40,0.0138,0.165,2,0.125,0.0546,0.2611,5,0.0,40,0.0,0.0876,0,0.125,0.0546,0.2611,5
quality,slovenian_news,0.0,40,0.0,0.0876,0,0.15,0.0706,0.2907,6,0.0,40,0.0,0.0876,0,0.0,0.0,0.0876,0
quality,solar,0.125,40,0.0546,0.2611,5,0.5,0.352,0.648,20,0.0,40,0.0,0.0876,0,0.15,0.0706,0.2907,6
repetition,c4,0.425,40,0.2851,0.5781,17,0.625,0.4703,0.7578,25,0.125,40,0.0546,0.2611,5,0.225,0.1232,0.375,9
repetition,cc100,0.4,40,0.2635,0.554,16,0.6,0.446,0.7365,24,0.125,40,0.0546,0.2611,5,0.325,0.2008,0.4798,13
repetition,classla_web_sl,0.15,40,0.0706,0.2907,6,0.75,0.5981,0.8581,30,0.075,40,0.0258,0.1986,3,0.275,0.1611,0.4284,11
repetition,classlawiki_sl,0.0,40,0.0,0.0876,0,0.075,0.0258,0.1986,3,0.0,40,0.0,0.0876,0,0.075,0.0258,0.1986,3
repetition,coleslaw,0.0,40,0.0,0.0876,0,0.05,0.0138,0.165,2,0.0,40,0.0,0.0876,0,0.025,0.0044,0.1288,1
repetition,culturax,0.1,40,0.0396,0.2305,4,0.25,0.1419,0.4019,10,0.05,40,0.0138,0.165,2,0.175,0.0875,0.3195,7
repetition,finepdf,0.175,40,0.0875,0.3195,7,0.3,0.1807,0.4543,12,0.025,40,0.0044,0.1288,1,0.175,0.0875,0.3195,7
repetition,fineweb2,0.2,40,0.105,0.3476,8,0.475,0.3294,0.625,19,0.0,40,0.0,0.0876,0,0.225,0.1232,0.375,9
repetition,gigafida,0.05,40,0.0138,0.165,2,0.275,0.1611,0.4284,11,0.0,40,0.0,0.0876,0,0.075,0.0258,0.1986,3
repetition,hplt,0.15,40,0.0706,0.2907,6,0.6,0.446,0.7365,24,0.125,40,0.0546,0.2611,5,0.2,0.105,0.3476,8
repetition,kas,0.0,40,0.0,0.0876,0,0.025,0.0044,0.1288,1,0.0,40,0.0,0.0876,0,0.0,0.0,0.0876,0
repetition,kzb,0.0,14,0.0,0.2153,0,0.2857,0.1172,0.5465,4,0.0,40,0.0,0.0876,0,0.1,0.0396,0.2305,4
repetition,legal_mc4,0.05,40,0.0138,0.165,2,0.225,0.1232,0.375,9,0.025,40,0.0044,0.1288,1,0.1,0.0396,0.2305,4
repetition,macocu_sl,0.2,40,0.105,0.3476,8,0.325,0.2008,0.4798,13,0.05,40,0.0138,0.165,2,0.225,0.1232,0.375,9
repetition,oss,0.125,40,0.0546,0.2611,5,0.4,0.2635,0.554,16,0.075,40,0.0258,0.1986,3,0.525,0.375,0.6706,21
repetition,parlamint_si,0.0,40,0.0,0.0876,0,0.05,0.0138,0.165,2,0.0,40,0.0,0.0876,0,0.125,0.0546,0.2611,5
repetition,povejmo_vemo_med,0.0,40,0.0,0.0876,0,0.1,0.0396,0.2305,4,0.0,40,0.0,0.0876,0,0.175,0.0875,0.3195,7
repetition,siparl,0.0,40,0.0,0.0876,0,0.225,0.1232,0.375,9,0.0,40,0.0,0.0876,0,0.1,0.0396,0.2305,4
repetition,slovenian_news,0.0,40,0.0,0.0876,0,0.2,0.105,0.3476,8,0.0,40,0.0,0.0876,0,0.05,0.0138,0.165,2
repetition,solar,0.075,40,0.0258,0.1986,3,0.425,0.2851,0.5781,17,0.0,40,0.0,0.0876,0,0.325,0.2008,0.4798,13
exact_dedup,c4,0.025,40,0.0044,0.1288,1,0.125,0.0546,0.2611,5,0.2,40,0.105,0.3476,8,0.4,0.2635,0.554,16
exact_dedup,cc100,0.1,40,0.0396,0.2305,4,0.25,0.1419,0.4019,10,0.075,40,0.0258,0.1986,3,0.3,0.1807,0.4543,12
exact_dedup,classla_web_sl,,0,,,0,,,,0,0.075,40,0.0258,0.1986,3,0.4,0.2635,0.554,16
exact_dedup,classlawiki_sl,0.0,4,0.0,0.4899,0,0.0,0.0,0.4899,0,0.025,40,0.0044,0.1288,1,0.05,0.0138,0.165,2
exact_dedup,coleslaw,0.0,8,0.0,0.3244,0,0.0,0.0,0.3244,0,0.0,40,0.0,0.0876,0,0.025,0.0044,0.1288,1
exact_dedup,culturax,0.05,40,0.0138,0.165,2,0.175,0.0875,0.3195,7,0.025,40,0.0044,0.1288,1,0.275,0.1611,0.4284,11
exact_dedup,finepdf,,0,,,0,,,,0,0.025,40,0.0044,0.1288,1,0.225,0.1232,0.375,9
exact_dedup,fineweb2,0.05,40,0.0138,0.165,2,0.175,0.0875,0.3195,7,0.1,40,0.0396,0.2305,4,0.325,0.2008,0.4798,13
exact_dedup,gigafida,,0,,,0,,,,0,0.0,40,0.0,0.0876,0,0.25,0.1419,0.4019,10
exact_dedup,hplt,0.025,40,0.0044,0.1288,1,0.15,0.0706,0.2907,6,0.125,40,0.0546,0.2611,5,0.35,0.2213,0.5049,14
exact_dedup,kas,0.0,33,0.0,0.1043,0,0.0303,0.0054,0.1532,1,0.0,40,0.0,0.0876,0,0.025,0.0044,0.1288,1
exact_dedup,kzb,,0,,,0,,,,0,0.0,40,0.0,0.0876,0,0.05,0.0138,0.165,2
exact_dedup,legal_mc4,0.0,40,0.0,0.0876,0,0.15,0.0706,0.2907,6,0.025,40,0.0044,0.1288,1,0.125,0.0546,0.2611,5
exact_dedup,macocu_sl,0.125,40,0.0546,0.2611,5,0.125,0.0546,0.2611,5,0.025,40,0.0044,0.1288,1,0.125,0.0546,0.2611,5
exact_dedup,oss,0.0,8,0.0,0.3244,0,0.5,0.2152,0.7848,4,0.05,40,0.0138,0.165,2,0.3,0.1807,0.4543,12
exact_dedup,parlamint_si,0.0,40,0.0,0.0876,0,0.075,0.0258,0.1986,3,0.0,40,0.0,0.0876,0,0.0,0.0,0.0876,0
exact_dedup,povejmo_vemo_med,0.0,40,0.0,0.0876,0,0.225,0.1232,0.375,9,0.0,40,0.0,0.0876,0,0.175,0.0875,0.3195,7
exact_dedup,siparl,0.0,40,0.0,0.0876,0,0.05,0.0138,0.165,2,0.0,40,0.0,0.0876,0,0.15,0.0706,0.2907,6
exact_dedup,slovenian_news,0.05,40,0.0138,0.165,2,0.2,0.105,0.3476,8,0.025,40,0.0044,0.1288,1,0.05,0.0138,0.165,2
exact_dedup,solar,0.0,4,0.0,0.4899,0,0.0,0.0,0.4899,0,0.0,40,0.0,0.0876,0,0.325,0.2008,0.4798,13
sentence_dedup,c4,0.05,40,0.0138,0.165,2,0.075,0.0258,0.1986,3,0.275,40,0.1611,0.4284,11,0.475,0.3294,0.625,19
sentence_dedup,cc100,0.0,40,0.0,0.0876,0,0.225,0.1232,0.375,9,0.15,40,0.0706,0.2907,6,0.6,0.446,0.7365,24
sentence_dedup,classla_web_sl,0.0,40,0.0,0.0876,0,0.1,0.0396,0.2305,4,0.125,40,0.0546,0.2611,5,0.425,0.2851,0.5781,17
sentence_dedup,classlawiki_sl,0.0,40,0.0,0.0876,0,0.025,0.0044,0.1288,1,0.0,40,0.0,0.0876,0,0.1,0.0396,0.2305,4
sentence_dedup,coleslaw,0.0,40,0.0,0.0876,0,0.0,0.0,0.0876,0,0.0,40,0.0,0.0876,0,0.1,0.0396,0.2305,4
sentence_dedup,culturax,0.025,40,0.0044,0.1288,1,0.125,0.0546,0.2611,5,0.15,40,0.0706,0.2907,6,0.375,0.2422,0.5297,15
sentence_dedup,finepdf,0.05,40,0.0138,0.165,2,0.15,0.0706,0.2907,6,0.05,40,0.0138,0.165,2,0.15,0.0706,0.2907,6
sentence_dedup,fineweb2,0.025,40,0.0044,0.1288,1,0.2,0.105,0.3476,8,0.075,40,0.0258,0.1986,3,0.4,0.2635,0.554,16
sentence_dedup,gigafida,0.0,40,0.0,0.0876,0,0.05,0.0138,0.165,2,0.0,40,0.0,0.0876,0,0.125,0.0546,0.2611,5
sentence_dedup,hplt,0.025,40,0.0044,0.1288,1,0.125,0.0546,0.2611,5,0.125,40,0.0546,0.2611,5,0.3,0.1807,0.4543,12
sentence_dedup,kas,0.0,2,0.0,0.6576,0,0.0,0.0,0.6576,0,0.0,40,0.0,0.0876,0,0.05,0.0138,0.165,2
sentence_dedup,kzb,,0,,,0,,,,0,0.0,40,0.0,0.0876,0,0.1,0.0396,0.2305,4
sentence_dedup,legal_mc4,0.0,40,0.0,0.0876,0,0.15,0.0706,0.2907,6,0.025,40,0.0044,0.1288,1,0.2,0.105,0.3476,8
sentence_dedup,macocu_sl,0.025,40,0.0044,0.1288,1,0.15,0.0706,0.2907,6,0.0,40,0.0,0.0876,0,0.25,0.1419,0.4019,10
sentence_dedup,oss,0.1471,34,0.0645,0.3013,5,0.5588,0.3945,0.7112,19,0.175,40,0.0875,0.3195,7,0.35,0.2213,0.5049,14
sentence_dedup,parlamint_si,0.0,40,0.0,0.0876,0,0.0,0.0,0.0876,0,0.0,40,0.0,0.0876,0,0.05,0.0138,0.165,2
sentence_dedup,povejmo_vemo_med,0.0,40,0.0,0.0876,0,0.1,0.0396,0.2305,4,0.0,40,0.0,0.0876,0,0.3,0.1807,0.4543,12
sentence_dedup,siparl,0.025,40,0.0044,0.1288,1,0.1,0.0396,0.2305,4,0.0,40,0.0,0.0876,0,0.175,0.0875,0.3195,7
sentence_dedup,slovenian_news,0.0,40,0.0,0.0876,0,0.0,0.0,0.0876,0,0.0,40,0.0,0.0876,0,0.15,0.0706,0.2907,6
sentence_dedup,solar,0.0,13,0.0,0.2281,0,0.2308,0.0818,0.5026,3,0.0,40,0.0,0.0876,0,0.35,0.2213,0.5049,14
