stage,source,drops_judged,read,target_hits,target_precision,target_low,target_high,target_call,bad_text_hits,bad_text_precision,bad_text_low,bad_text_high,bad_text_call
language,pooled,615,True,171,0.278,0.2441,0.3148,fails,,,,,
language,c4,40,True,34,0.85,0.7093,0.9294,holds,,,,,
language,cc100,40,True,5,0.125,0.0546,0.2611,fails,,,,,
language,classla_web_sl,40,True,16,0.4,0.2635,0.554,fails,,,,,
language,classlawiki_sl,40,True,0,0.0,0.0,0.0876,fails,,,,,
language,coleslaw,40,True,0,0.0,0.0,0.0876,fails,,,,,
language,culturax,40,True,1,0.025,0.0044,0.1288,fails,,,,,
language,finepdf,40,True,15,0.375,0.2422,0.5297,fails,,,,,
language,fineweb2,40,True,34,0.85,0.7093,0.9294,holds,,,,,
language,gigafida,40,True,0,0.0,0.0,0.0876,fails,,,,,
language,hplt,40,True,22,0.55,0.3983,0.6929,open,,,,,
language,kas,3,False,3,1.0,0.4385,1.0,,,,,,
language,macocu_sl,40,True,3,0.075,0.0258,0.1986,fails,,,,,
language,oss,40,True,35,0.875,0.7389,0.9454,holds,,,,,
language,povejmo_vemo_med,12,False,3,0.25,0.0889,0.5323,,,,,,
language,siparl,40,True,0,0.0,0.0,0.0876,fails,,,,,
language,slovenian_news,40,True,0,0.0,0.0,0.0876,fails,,,,,
language,solar,40,True,0,0.0,0.0,0.0876,fails,,,,,
spam,pooled,720,True,132,0.1833,0.1568,0.2133,fails,151,0.2097,0.1816,0.241,fails
spam,c4,40,True,22,0.55,0.3983,0.6929,open,25,0.625,0.4703,0.7578,holds
spam,cc100,40,True,23,0.575,0.4219,0.7149,open,23,0.575,0.4219,0.7149,open
spam,classla_web_sl,40,True,10,0.25,0.1419,0.4019,fails,12,0.3,0.1807,0.4543,fails
spam,classlawiki_sl,40,True,0,0.0,0.0,0.0876,fails,0,0.0,0.0,0.0876,fails
spam,coleslaw,40,True,0,0.0,0.0,0.0876,fails,0,0.0,0.0,0.0876,fails
spam,culturax,40,True,14,0.35,0.2213,0.5049,fails,17,0.425,0.2851,0.5781,fails
spam,finepdf,40,True,0,0.0,0.0,0.0876,fails,1,0.025,0.0044,0.1288,fails
spam,fineweb2,40,True,36,0.9,0.7695,0.9604,holds,36,0.9,0.7695,0.9604,holds
spam,gigafida,40,True,0,0.0,0.0,0.0876,fails,0,0.0,0.0,0.0876,fails
spam,hplt,40,True,19,0.475,0.3294,0.625,fails,19,0.475,0.3294,0.625,fails
spam,kas,40,True,0,0.0,0.0,0.0876,fails,0,0.0,0.0,0.0876,fails
spam,kzb,40,True,0,0.0,0.0,0.0876,fails,0,0.0,0.0,0.0876,fails
spam,macocu_sl,40,True,7,0.175,0.0875,0.3195,fails,7,0.175,0.0875,0.3195,fails
spam,oss,40,True,0,0.0,0.0,0.0876,fails,6,0.15,0.0706,0.2907,fails
spam,povejmo_vemo_med,40,True,0,0.0,0.0,0.0876,fails,0,0.0,0.0,0.0876,fails
spam,siparl,40,True,0,0.0,0.0,0.0876,fails,0,0.0,0.0,0.0876,fails
spam,slovenian_news,40,True,1,0.025,0.0044,0.1288,fails,1,0.025,0.0044,0.1288,fails
spam,solar,40,True,0,0.0,0.0,0.0876,fails,4,0.1,0.0396,0.2305,fails
quality,pooled,720,True,81,0.1125,0.0914,0.1377,fails,96,0.1333,0.1104,0.1601,fails
quality,c4,40,True,14,0.35,0.2213,0.5049,fails,16,0.4,0.2635,0.554,fails
quality,cc100,40,True,17,0.425,0.2851,0.5781,fails,22,0.55,0.3983,0.6929,open
quality,classla_web_sl,40,True,5,0.125,0.0546,0.2611,fails,5,0.125,0.0546,0.2611,fails
quality,classlawiki_sl,40,True,1,0.025,0.0044,0.1288,fails,1,0.025,0.0044,0.1288,fails
quality,coleslaw,40,True,1,0.025,0.0044,0.1288,fails,1,0.025,0.0044,0.1288,fails
quality,culturax,40,True,3,0.075,0.0258,0.1986,fails,4,0.1,0.0396,0.2305,fails
quality,finepdf,40,True,3,0.075,0.0258,0.1986,fails,3,0.075,0.0258,0.1986,fails
quality,fineweb2,40,True,7,0.175,0.0875,0.3195,fails,9,0.225,0.1232,0.375,fails
quality,gigafida,40,True,1,0.025,0.0044,0.1288,fails,1,0.025,0.0044,0.1288,fails
quality,hplt,40,True,2,0.05,0.0138,0.165,fails,2,0.05,0.0138,0.165,fails
quality,kas,40,True,0,0.0,0.0,0.0876,fails,0,0.0,0.0,0.0876,fails
quality,kzb,40,True,0,0.0,0.0,0.0876,fails,0,0.0,0.0,0.0876,fails
quality,macocu_sl,40,True,19,0.475,0.3294,0.625,fails,21,0.525,0.375,0.6706,open
quality,oss,40,True,3,0.075,0.0258,0.1986,fails,4,0.1,0.0396,0.2305,fails
quality,povejmo_vemo_med,40,True,0,0.0,0.0,0.0876,fails,0,0.0,0.0,0.0876,fails
quality,siparl,40,True,0,0.0,0.0,0.0876,fails,2,0.05,0.0138,0.165,fails
quality,slovenian_news,40,True,0,0.0,0.0,0.0876,fails,0,0.0,0.0,0.0876,fails
quality,solar,40,True,5,0.125,0.0546,0.2611,fails,5,0.125,0.0546,0.2611,fails
repetition,pooled,694,True,33,0.0476,0.0341,0.066,fails,82,0.1182,0.0962,0.1443,fails
repetition,c4,40,True,7,0.175,0.0875,0.3195,fails,17,0.425,0.2851,0.5781,fails
repetition,cc100,40,True,8,0.2,0.105,0.3476,fails,16,0.4,0.2635,0.554,fails
repetition,classla_web_sl,40,True,3,0.075,0.0258,0.1986,fails,6,0.15,0.0706,0.2907,fails
repetition,classlawiki_sl,40,True,0,0.0,0.0,0.0876,fails,0,0.0,0.0,0.0876,fails
repetition,coleslaw,40,True,0,0.0,0.0,0.0876,fails,0,0.0,0.0,0.0876,fails
repetition,culturax,40,True,1,0.025,0.0044,0.1288,fails,4,0.1,0.0396,0.2305,fails
repetition,finepdf,40,True,0,0.0,0.0,0.0876,fails,7,0.175,0.0875,0.3195,fails
repetition,fineweb2,40,True,2,0.05,0.0138,0.165,fails,8,0.2,0.105,0.3476,fails
repetition,gigafida,40,True,0,0.0,0.0,0.0876,fails,2,0.05,0.0138,0.165,fails
repetition,hplt,40,True,1,0.025,0.0044,0.1288,fails,6,0.15,0.0706,0.2907,fails
repetition,kas,40,True,0,0.0,0.0,0.0876,fails,0,0.0,0.0,0.0876,fails
repetition,kzb,14,False,0,0.0,0.0,0.2153,,0,0.0,0.0,0.2153,
repetition,macocu_sl,40,True,6,0.15,0.0706,0.2907,fails,8,0.2,0.105,0.3476,fails
repetition,oss,40,True,5,0.125,0.0546,0.2611,fails,5,0.125,0.0546,0.2611,fails
repetition,povejmo_vemo_med,40,True,0,0.0,0.0,0.0876,fails,0,0.0,0.0,0.0876,fails
repetition,siparl,40,True,0,0.0,0.0,0.0876,fails,0,0.0,0.0,0.0876,fails
repetition,slovenian_news,40,True,0,0.0,0.0,0.0876,fails,0,0.0,0.0,0.0876,fails
repetition,solar,40,True,0,0.0,0.0,0.0876,fails,3,0.075,0.0258,0.1986,fails
