domain,sources,documents,tokens_estimated,tokens_estimated_audit,token_share,kpi_threshold,clears_kpi
student,1,4795,1552210,1818150,0.0001,500000,True
medical,1,367,1711210,1616352,0.0001,500000,True
wiki,1,45942,21632490,22735186,0.0015,500000,True
parliamentary,1,625153,206780298,215014176,0.014,500000,True
scientific,2,19881,377895726,367817248,0.0255,500000,True
legal,1,228723,386570300,445140776,0.0261,500000,True
mixed,1,616188,523912938,544455540,0.0354,500000,True
academic,1,53457,881702822,854341550,0.0596,500000,True
news,1,2817607,962968746,741250264,0.0651,500000,True
web,8,25197609,11428366572,11266553738,0.7725,500000,True
TOTAL,18,29609722,14793093312,14460742980,1.0,5000000000,True
