source,domain,access,convert,language,spam,quality,repetition,exact_dedup,final,final_words,tokens_estimated,retained
povejmo_vemo_med,medical,open,23542,23530,23142,3599,1155,454,367,855605,1711210,0.0156
oss,scientific,open,90232,86671,82965,21035,19651,19604,19387,183716551,367433102,0.2149
classlawiki_sl,wiki,open,169768,157988,157793,60072,51329,51325,45942,10816245,21632490,0.2706
hplt,web,open,10277173,10259476,10128754,7330538,6957243,4768286,3349383,713522992,1427045984,0.3259
finepdf,web,open,932097,926347,920153,347994,317970,317970,316151,490131168,980262336,0.3392
cc100,web,open,6240359,5918305,5838434,3253907,3014078,2917769,2391499,354282358,708564716,0.3832
c4,web,open,8507960,7973899,7841299,4337845,4047339,3983288,3354034,871976059,1743952118,0.3942
coleslaw,legal,open,547888,540384,540121,277644,240039,234313,228723,193285150,386570300,0.4175
culturax,web,gated,7335377,7332178,7258455,5934588,5886855,5517253,3414761,904686007,1809372014,0.4655
macocu_sl,web,open,6302486,6218407,6187011,4265083,4038062,4001893,3027859,472444371,944888742,0.4804
fineweb2,web,open,12091577,12051265,11602409,10361292,10296655,9021357,6106575,1126970949,2253941898,0.505
siparl,parliamentary,open,1221194,1124739,1124653,675252,656903,650551,625153,103390149,206780298,0.5119
kzb,scientific,open,884,884,786,501,494,494,494,5231312,10462624,0.5588
slovenian_news,news,open,4628339,4619754,4613350,3473701,3444889,3367528,2817607,481484373,962968746,0.6088
kas,academic,gated,82303,82286,79461,54464,53629,53461,53457,440851411,881702822,0.6495
classla_web_sl,web,open,4790039,4786006,4745146,3963526,3888850,3888850,3237347,780169382,1560338764,0.6758
gigafida,mixed,gated,736267,732452,722848,619681,616924,616862,616188,261956469,523912938,0.8369
solar,student,gated,5485,5459,5454,4844,4808,4807,4795,776105,1552210,0.8742
TOTAL,,,63982970,62840030,61872234,44985566,43536873,39416065,29609722,7396546656,14793093312,0.4628
