source,language,spam,quality,repetition,exact_dedup,sentence_dedup,kept
povejmo_vemo_med,0.0005,0.0165,0.8301,0.1038,0.0298,0.0037,0.0156
oss,0.0395,0.0411,0.6863,0.0153,0.0005,0.0024,0.2149
classlawiki_sl,0.0694,0.0011,0.5756,0.0515,0.0,0.0317,0.2706
hplt,0.0017,0.0127,0.2723,0.0363,0.213,0.1381,0.3259
finepdf,0.0062,0.0066,0.6138,0.0322,0.0,0.002,0.3392
cc100,0.0516,0.0128,0.4142,0.0384,0.0154,0.0843,0.3832
c4,0.0628,0.0156,0.4118,0.0341,0.0075,0.074,0.3942
coleslaw,0.0137,0.0005,0.4791,0.0686,0.0105,0.0102,0.4175
culturax,0.0004,0.0101,0.1805,0.0065,0.0504,0.2866,0.4655
macocu_sl,0.0133,0.005,0.3049,0.036,0.0057,0.1545,0.4804
fineweb2,0.0033,0.0371,0.1026,0.0053,0.1055,0.2411,0.505
siparl,0.079,0.0001,0.368,0.015,0.0052,0.0208,0.5119
kzb,0.0,0.1109,0.3224,0.0079,0.0,0.0,0.5588
slovenian_news,0.0019,0.0014,0.2462,0.0062,0.0167,0.1188,0.6088
kas,0.0002,0.0343,0.3037,0.0101,0.002,0.0,0.6495
classla_web_sl,0.0008,0.0085,0.1632,0.0156,0.0,0.136,0.6758
gigafida,0.0052,0.013,0.1401,0.0037,0.0001,0.0009,0.8369
solar,0.0047,0.0009,0.1112,0.0066,0.0002,0.0022,0.8742
