source,domain,doubled_in_audit,retained_audit,retained_rebuild,change,words_audit,words_rebuild
solar,student,True,0.5545,0.8742,0.3197,909075,776105
siparl,parliamentary,False,0.4849,0.5119,0.027,98882633,103390149
kas,academic,False,0.629,0.6495,0.0205,427170775,440851411
slovenian_news,news,False,0.5936,0.6088,0.0152,370625132,481484373
kzb,scientific,True,0.5486,0.5588,0.0102,5300642,5231312
classla_web_sl,web,False,0.6683,0.6758,0.0075,758198835,780169382
oss,scientific,True,0.2092,0.2149,0.0057,178607982,183716551
cc100,web,False,0.3885,0.3832,-0.0053,373481603,354282358
c4,web,False,0.3898,0.3942,0.0044,847632750,871976059
classlawiki_sl,wiki,False,0.2744,0.2706,-0.0038,11367593,10816245
culturax,web,False,0.4624,0.4655,0.0031,896819201,904686007
macocu_sl,web,False,0.4833,0.4804,-0.0029,472560546,472444371
hplt,web,False,0.3234,0.3259,0.0025,692843455,713522992
finepdf,web,False,0.3368,0.3392,0.0024,472558637,490131168
coleslaw,legal,False,0.4155,0.4175,0.002,206159373,193285150
gigafida,mixed,False,0.8351,0.8369,0.0018,272227770,261956469
povejmo_vemo_med,medical,True,0.015,0.0156,0.0006,808176,855605
fineweb2,web,False,0.505,0.505,0.0,1119181842,1126970949
legal_mc4,legal,True,0.6714,,,16411015,
parlamint_si,parliamentary,False,0.1556,,,8624455,
