name,url,licence,access,languages,domains,documents,words,words_basis,words_corpus,documents_corpus,tokens_estimated,size_verified,annotation,length_class,format,provenance,in_registry,registry_key,kpi2_fit,kpi4_fit,family,mirrors,notes
OPUS EMEA parallel corpus,https://opus.nlpl.eu/legacy/EMEA.php,,open,"22 EU languages incl. sl, en, de, fr, es, cs",medical,41957,311650000,reported,,,623300000,yes,parallel,sentence,"xml,tmx,moses",translated,no,,yes,yes,medical-publishers,,"PDF-derived EU drug-document parallel corpus, 231 language pairs incl. Slovenian; 26.51M sentence fragments; no license stated on page."
MIMIC-IV-Note,https://physionet.org/content/mimic-iv-note/2.2/,PhysioNet Credentialed Health Data License 1.5.0,gated,en,medical,2653149,,,,,,yes,none,document,csv,native,no,,yes,unknown,medical-publishers,,331794 discharge summaries + 2321355 radiology reports; requires CITI training and signed PhysioNet DUA.
GGPONC — German oncology guideline corpus,https://github.com/JULIELab/GGPOnc,,gated,de,medical,,,,,,,no,IE spans,document,"xml,tsv,xmi",native,no,,unknown,unknown,medical-publishers,,Repo holds processing code only; raw text requires access request via the German Cancer Society guideline program (DKG).
SPACCC — Spanish Clinical Case Corpus,https://zenodo.org/records/2560316,CC BY 4.0,open,es,medical,1000,396988,reported,,,793976,yes,linguistic,document,txt (zip),native,no,,no,yes,medical-publishers,,"1000 Spanish clinical case reports from open-access SciELO publications, multiple specialties; direct zip download."
CodiEsp,https://zenodo.org/records/3625747,CC BY 4.0,open,es,medical,1000,396988,reported,,,793976,yes,IE spans,document,"txt,tsv",native,no,,no,yes,medical-publishers,,"Same 1000 clinical cases as SPACCC, annotated with ICD10-CM/PCS codes and text spans for CLEF eHealth 2020."
QUAERO French Medical Corpus,https://quaerofrenchmed.limsi.fr/,GFDL (MEDLINE portion),open,fr,"medical,scientific",1671,,,,,,yes,IE spans,paragraph,"brat,bioc",native,no,,no,unknown,medical-publishers,,"1665 MEDLINE titles + 6 EMEA documents (train+test), annotated for 10 UMLS entity types; open direct download."
CLASSLA-web.hr 1.0 (Croatian web corpus),https://www.clarin.si/repository/xmlui/handle/11356/1929,CC0,open,hr,general-web,5422656,2189723427,reported,,,4379446854,yes,linguistic,document,vert,native,no,,n/a,yes,medical-publishers,,"General Croatian web crawl, not medical-specific; included as multilingual fallback (20GB direct download, CC0)."
BioASQ datasets (Task A/B/MESINESP/C/Synergy),https://participants-area.bioasq.org/datasets/,,login,en,"medical,scientific",16200000,,,,,,yes,"IE spans,labels",document,"json,lucene",native,no,,yes,unknown,medical-publishers,,Task A 2022 covers 16.2M PubMed articles with MeSH terms; registration required to download.
MedMentions,https://github.com/chanzuckerberg/MedMentions,CC0,open,en,"medical,scientific",4392,,,,,,yes,IE spans,document,pubtator,native,no,,no,unknown,medical-publishers,,4392 PubMed titles+abstracts with UMLS entity-linking annotations (full and ST21pv subsets); direct GitHub download.
CAS — French corpus of clinical cases,https://pmc.ncbi.nlm.nih.gov/articles/PMC7410149/,CC BY 4.0,not_downloadable,fr,medical,4900,1700000,reported,,,3400000,yes,IE spans,document,,native,no,,no,yes,medical-publishers,,4900 clinical cases (~1.7M words) from published French literature; paper says it 'will be distributed' via DEFT shared tasks but no direct public download link found on this page.
CSEHR — Czech oncology health records,https://link.springer.com/chapter/10.1007/978-3-031-70563-2_9,,gated,cs,medical,,,,,,,no,IE spans,document,,native,no,,unknown,unknown,medical-publishers,,"Human-annotated Czech oncology EHR concept-recognition dataset (Masaryk Memorial Cancer Institute); chapter is Springer paywalled, dataset access unclear."
