domain,access_filter,datasets,datasets_new,datasets_without_word_count,datasets_without_document_count,words,tokens_estimated,documents,annotated_examples,meets_kpi2_documents,meets_kpi2_annotated,meets_kpi4_tokens
medical,open,23,22,23,8,0,0,2696961,2154197,yes,yes,unknown
medical,open+login,23,22,23,8,0,0,2696961,2154197,yes,yes,unknown
medical,all,34,33,34,17,0,0,2699241,2154197,yes,yes,unknown
scientific,open,12,10,8,3,2637159112,5274318224,165961,0,yes,no,yes
scientific,open+login,13,11,8,4,2641494646,5282989292,165961,0,yes,no,yes
scientific,all,13,11,8,4,2641494646,5282989292,165961,0,yes,no,yes
academic,open,11,11,9,4,620557,1241114,165779,156660,yes,yes,yes
academic,open+login,20,19,10,6,4326247334,8652494668,659986,278741,yes,yes,yes
academic,all,25,24,15,10,4326247334,8652494668,662154,278741,yes,yes,yes
legal,open,8,7,4,3,2876829509,5753659018,1413967,0,yes,unknown,yes
legal,open+login,8,7,4,3,2876829509,5753659018,1413967,0,yes,unknown,yes
legal,all,9,8,5,4,2876829509,5753659018,1413967,0,yes,unknown,yes
news,open,19,17,12,8,24571487,49142974,348924,44584,yes,yes,yes
news,open+login,19,17,12,8,24571487,49142974,348924,44584,yes,yes,yes
news,all,20,17,12,8,1137892935,2275785870,3725381,3421041,yes,yes,yes
parliamentary,open,13,11,4,10,2785018857,5570037714,325195,0,yes,unknown,yes
parliamentary,open+login,13,11,4,10,2785018857,5570037714,325195,0,yes,unknown,yes
parliamentary,all,13,11,4,10,2785018857,5570037714,325195,0,yes,unknown,yes
encyclopedic,open,8,7,7,3,486258862,972517724,219949,36904,yes,yes,yes
encyclopedic,open+login,8,7,7,3,486258862,972517724,219949,36904,yes,yes,yes
encyclopedic,all,8,7,7,3,486258862,972517724,219949,36904,yes,yes,yes
forum/social,open,18,16,11,4,551167669,1102335338,31714804,7604192,yes,yes,yes
forum/social,open+login,19,17,12,4,551167669,1102335338,31747599,7636987,yes,yes,yes
forum/social,all,19,17,12,4,551167669,1102335338,31747599,7636987,yes,yes,yes
general-web,open,28,22,21,12,49270215935,98540431870,153978204,109539130,yes,yes,yes
general-web,open+login,30,24,22,14,49298140145,98596280290,153978204,109539130,yes,yes,yes
general-web,all,34,27,25,16,57305727667,114611455334,162199805,109539130,yes,yes,yes
finance,open,2,2,2,1,0,0,972,0,unknown,no,unknown
finance,open+login,2,2,2,1,0,0,972,0,unknown,no,unknown
finance,all,3,3,3,2,0,0,972,0,unknown,no,unknown
other,open,111,105,86,53,2074421078,4148842156,3787215,1590390,yes,yes,yes
other,open+login,112,106,86,53,2075148471,4150296942,3787239,1590390,yes,yes,yes
other,all,121,114,89,61,7566045685,15132091370,19242125,1590390,yes,yes,yes
